name,pagerank
British Virgin Islands,0.2650452337649827
Panama,0.12724000753555753
Barbados,0.08071462070762583
Bahamas,0.05005618631202614
Hong Kong,0.046778235368619386
United Kingdom,0.046457500674923005
Seychelles,0.03766203100904685
Russia,0.03225246356947311
Niue,0.028310295909443894
Bermuda,0.016432024259639855
