name,pagerank
British Virgin Islands,0.26385039481665973
Panama,0.12883734348396603
Barbados,0.08096802144284605
Bahamas,0.050375334527669756
Hong Kong,0.04655760098309649
United Kingdom,0.046446550314596664
Seychelles,0.03788322808680498
Russia,0.03147198621263642
Niue,0.02855092482679749
Bermuda,0.016875366577351402
